id,firstName,lastName,product
1,John,Doe,ProductA
2,Jane,Smith,ProductB
3,Michael,Johnson,ProductC
4,Emily,Williams,ProductA
5,James,Brown,ProductB
6,Emma,Jones,ProductC
7,William,Davis,ProductA
8,Sophia,Miller,ProductB
9,Alexander,Wilson,ProductC
10,Olivia,Martin,ProductA
11,Matthew,Moore,ProductB
12,Isabella,Taylor,ProductC
13,Liam,Anderson,ProductA
14,Charlotte,Thomas,ProductB
15,Benjamin,Jackson,ProductC
16,Ava,White,ProductA
17,Lucas,Harris,ProductB
18,Amelia,Martinez,ProductC
19,Mason,Robinson,ProductA
20,Evelyn,Clark,ProductB
21,Ethan,Lewis,ProductC
22,Harper,Allen,ProductA
23,Aaron,Young,ProductB
24,Grace,Hall,ProductC
25,Logan,Hill,ProductA
26,Samantha,Scott,ProductB
27,Gabriel,Green,ProductC
28,Lily,Adams,ProductA
29,Nathan,Baker,ProductB
30,Zoe,Wright,ProductC
31,Grace,Walker,Product A
32,Lucas,White,Product B
33,Chloe,Hughes,Product C
34,Carter,Turner,Product A
35,Zoe,Parker,Product B
36,Wyatt,Roberts,Product C
37,Hannah,Edwards,Product A
38,Luke,Collins,Product B
39,Eleanor,Stewart,Product C
40,Nathan,Reed,Product A
41,Lily,Cook,Product B
42,Daniel,Bailey,Product C
43,Isaac,Murphy,Product A
44,Anna,Rogers,Product B
45,Owen,Hill,Product C
46,Aurora,Bell,Product A
47,Jack,Ward,Product B
48,Victoria,Watson,Product C
49,Levi,Bennett,Product A
50,Piper,Gray,Product B
51,Hudson,Richardson,Product C
52,Aria,Wood,Product A
53,Xavier,Watson,Product B
54,Scarlett,Cruz,Product C
55,Gabriel,Campbell,Product A
56,Julia,Morris,Product B
57,Jaxon,Cooper,Product C
58,Madison,Morgan,Product A
59,David,Harrison,Product B
60,Emily,Hill,Product C
61,Eli,Rivera,Product A
62,Emma,Reyes,Product B
63,Leo,Peterson,Product C
64,Aaliyah,Gonzalez,Product A
65,Grayson,Foster,Product B
66,Stella,Long,Product C
67,Adam,Richards,Product A
68,Layla,Howard,Product B
69,Lincoln,Ramos,Product C
70,Alice,Bailey,Product A
71,Kai,Robertson,Product B
72,Violet,Kelly,Product C
73,Zachary,Gomez,Product A
74,Elena,Perez,Product B
75,Christian,Cooper,Product C
76,Amy,Butler,Product A
77,Michaela,Price,Product B
78,Blake,Russell,Product C
79,Samuel,Murphy,Product A
80,Lillian,Simmons,Product B
81,Connor,Bell,Product C
82,Lucy,Stevens,Product A
83,Jude,Hall,Product B
84,Adeline,Coleman,Product C
85,Aaron,Watson,Product A
86,Emilia,Shaw,Product B
87,Jasper,Wheeler,Product C
88,Clara,Fisher,Product A
89,Robert,Grant,Product B
90,Eliza,Ferguson,Product C
91,Gavin,Harvey,Product A
92,Isabelle,Hudson,Product B
93,Joshua,Wells,Product C
94,Lyla,Perkins,Product A
95,Jackson,Campbell,Product B
96,Savannah,Henderson,Product C
97,Henry,Fuller,Product A
98,Ruby,Woods,Product B
99,Nicholas,Hughes,Product C
100,Sarah,Brooks,Product A

